{
  "IsEncrypted": false,
  "Values": {
    "AzureWebJobsDashboard": "UseDevelopmentStorage=true",
    "AzureWebJobsStorage": "UseDevelopmentStorage=true",
    "blobName": "jcifreezerdata",
    "blobStr": "DefaultEndpointsProtocol=https;AccountName=jcifreezertest;AccountKey=3tBpdCUGIa23XPDRY7EHgpHs4qHW7FMZV9OC0eR6kXwgMoLXRngcq+znzP2SB+pbsHfNRA7NiCsArnq81jakdA==;EndpointSuffix=core.windows.net",
    "eventHubName": "jcifreezerdata",
    "eventHubStr": "Endpoint=sb://jcifreezertest.servicebus.windows.net/;SharedAccessKeyName=freezerdatain;SharedAccessKey=2oA9UeJsFirGHkheuOC+g3NL76wUTij7IWkC9pNzCs8=;EntityPath=jcifreezerdata",
    "verboseLogging": "true"
  }
}